Part,Color,Quantity,,Gobrick Part,Gobrick Color,
3068,'65,4,,GDS-561,N^,unavailable parts
1126,'0,4,,GDS-90521,N^,unavailable parts
25269,'65,3,,GDS-1307,N^,unavailable parts
99563,'65,9,,GDS-1499,N^,unavailable parts
61409,'65,19,,GDS-838,N^,unavailable parts
2431,'65,5,,GDS-563,N^,unavailable parts
3069,'65,21,,GDS-566,N^,unavailable parts
3070,'65,7,,GDS-613,N^,unavailable parts
27263,'65,20,,GDS-1044,N^,unavailable parts
3396,'15,2,,GDS-N^,N^,unavailable parts
75c10,'71,1,,GDS-N^,N^,unavailable parts
77850,'71,4,,GDS-N^,N^,unavailable parts
75c26,'297,4,,GDS-N^,N^,unavailable parts
79194,'72,3,,GDS-N^,N^,unavailable parts
75c14,'70,4,,GDS-N^,N^,unavailable parts
75c32,'297,4,,GDS-N^,N^,unavailable parts
77850,'0,2,,GDS-N^,N^,unavailable parts
3386,'15,4,,GDS-N^,N^,unavailable parts
75c08,'320,4,,GDS-N^,N^,unavailable parts
5713,'71,2,,GDS-N^,N^,unavailable parts
2937,'71,2,,GDS-N^,N^,unavailable parts
86996,'15,7,,GDS-N^,N^,unavailable parts
5092,'15,9,,GDS-N^,N^,unavailable parts
86996,'71,48,,GDS-N^,N^,unavailable parts
3386,'323,14,,GDS-N^,N^,unavailable parts
3386,'71,12,,GDS-N^,N^,unavailable parts
79194,'3,24,,GDS-N^,N^,unavailable parts
86996,'72,7,,GDS-N^,N^,unavailable parts
79194,'297,13,,GDS-N^,N^,unavailable parts
5091,'15,8,,GDS-N^,N^,unavailable parts
79194,'71,12,,GDS-N^,N^,unavailable parts
75c20,'25,8,,GDS-N^,N^,unavailable parts
